<?xml version="1.0" encoding="UTF-8"?>
<data>
	<id>SMP01</id>
	<course>Topik 1: Pengaruh Personal Power dan Position Power</course>
	<share>
		<lock_index>true</lock_index>
		<lock_next>true</lock_next>
		<scorm>true</scorm>
		<shownexthint>true</shownexthint>
		<timeloading>2000</timeloading>
	</share>
	<files>	
		<file>
			<title>&lt;i&gt;Gain Attention&lt;/i&gt;</title>
			<subtitle>&lt;i&gt;Gain Attention&lt;/i&gt;</subtitle>
			<path>content/01/01.html</path>
			<audio>
				<filename>01</filename>
				<autoplay>true</autoplay>
			</audio>
			<button>
				<timeline>true</timeline>
				<reload>true</reload>
			</button>
			<quiz>false</quiz>
			<show>false</show>
		</file>
		 <file>
			<title>&lt;i&gt;Learning Objectives&lt;/i&gt;</title>
			<subtitle>&lt;i&gt;Learning Objectives&lt;/i&gt;</subtitle>
			<path>content/02/02.html</path>
			<audio>
				<filename>02,02a,02b</filename>
				<autoplay>true</autoplay>
			</audio>
			<button>
				<timeline>true</timeline>
				<reload>true</reload>
			</button>
			<quiz>false</quiz>
			<show>false</show>
		</file> 
	

		<file>
			<title>&lt;i&gt;Gain Attention&lt;/i&gt;</title>
			<subtitle>&lt;i&gt;Gain Attention&lt;/i&gt;</subtitle>
			<path>content/03/03.html</path>
			<audio>
				<filename>03,03a,03b,03c,03d,03e,03f,03g,03h,03i,03j,03k</filename>
				<autoplay>true</autoplay>
			</audio>
			<button>
				<timeline>true</timeline>
				<reload>true</reload>
			</button>
			<quiz>false</quiz>
			<show>false</show>
		</file> 

		 <file>
			<title>&lt;i&gt;Personal Power&lt;/i&gt;</title>
			<subtitle>&lt;i&gt;Personal Power&lt;/i&gt;</subtitle>
			<path>content/04/04.html</path>
			<audio>
				<filename>04,04a</filename>
				<autoplay>true</autoplay>
			</audio>
			<button>
				<timeline>true</timeline>
				<reload>true</reload>
			</button>
			<quiz>false</quiz>
			<show>false</show>
		</file>

		 <file>
			<title>&lt;i&gt;Personal Power&lt;/i&gt; - &lt;i&gt;Expert Power&lt;/i&gt;</title>
			<subtitle>&lt;i&gt;Personal Power&lt;/i&gt; - &lt;i&gt;Expert Power&lt;/i&gt;</subtitle>
			<path>content/04_1/04_1.html</path>
			<audio>
				<filename>04b,04c,04d,04e,04f,04g,044h</filename>
				<autoplay>true</autoplay>
			</audio>
			<button>
				<timeline>true</timeline>
				<reload>true</reload>
			</button>
			<quiz>false</quiz>
			<show>false</show>
		</file>

			 <file>
			<title>&lt;i&gt;Personal Power&lt;/i&gt; - &lt;i&gt;Referential Power&lt;/i&gt;</title>
			<subtitle>&lt;i&gt;Personal Power&lt;/i&gt; - &lt;i&gt;Referential Power&lt;/i&gt;</subtitle>
			<path>content/04_2/04_2.html</path>
			<audio>
				<filename>04h,04i,04j,04k,04l,04mm</filename>
				<autoplay>true</autoplay>
			</audio>
			<button>
				<timeline>true</timeline>
				<reload>true</reload>
			</button>
			<quiz>false</quiz>
			<show>false</show>
		</file>

		<file>
			<title>&lt;i&gt;Personal Power&lt;/i&gt; - &lt;i&gt;Authentic Power&lt;/i&gt;</title>
			<subtitle>&lt;i&gt;Personal Power&lt;/i&gt; - &lt;i&gt;Authentic Power&lt;/i&gt;</subtitle>
			<path>content/04_3/04_3.html</path>
			<audio>
				<filename>04m,04n,04o,04p</filename>
				<autoplay>true</autoplay>
			</audio>
			<button>
				<timeline>true</timeline>
				<reload>true</reload>
			</button>
			<quiz>false</quiz>
			<show>false</show>
		</file>

		
		<file>
			<title>&lt;i&gt;Personal Power&lt;/i&gt;</title>
			<subtitle>&lt;i&gt;Personal Power&lt;/i&gt;</subtitle>
			<path>content/05/05.html</path>
			<audio>
				<filename>05,05a,05b,05c,05d,05e,05f,05g,05h,05i,05j,05k</filename>
				<autoplay>true</autoplay>
			</audio>
			<button>
				<timeline>true</timeline>
				<reload>true</reload>
			</button>
			<quiz>false</quiz>
			<show>false</show>
		</file>

<file>
			<title>Latihan</title>
			<subtitle>Latihan</subtitle>
			<path>content/05_1/05_1.html</path>
			<audio>
				<filename>05_1,05_1a</filename>
				<autoplay>true</autoplay>
			</audio>
			<button>
				<timeline>true</timeline>
				<reload>true</reload>
			</button>
			<quiz>false</quiz>
			<show>false</show>
		</file>


		<file>
			<title>Kesimpulan</title>
			<subtitle>Kesimpulan</subtitle>
			<path>content/06/06.html</path>
			<audio>
				<filename>06,06a,06b</filename>
				<autoplay>true</autoplay>
			</audio>
			<button>
				<timeline>true</timeline>
				<reload>true</reload>
			</button>
			<quiz>false</quiz>
			<show>false</show>
		</file> 

		</files>	
		
	<files-audio>
		<file-audio id="true">audio/true.mp3</file-audio>
		<file-audio id="false">audio/false.mp3</file-audio>
		<file-audio id="icon">audio/icon.mp3</file-audio>

		<file-audio id="01">content/01/resources/01.mp3</file-audio>

		<file-audio id="02">content/02/resources/02.mp3</file-audio>
		<file-audio id="02a">content/02/resources/02a.mp3</file-audio>
		<file-audio id="02b">content/02/resources/02b.mp3</file-audio>

		<file-audio id="03">content/03/resources/03.mp3</file-audio> 
		<file-audio id="03a">content/03/resources/03a.mp3</file-audio>
		<file-audio id="03b">content/03/resources/03b.mp3</file-audio>
		<file-audio id="03c">content/03/resources/03c.mp3</file-audio>
		<file-audio id="03d">content/03/resources/03d.mp3</file-audio>
		<file-audio id="03e">content/03/resources/03e.mp3</file-audio>
		<file-audio id="03f">content/03/resources/03f.mp3</file-audio>
		<file-audio id="03g">content/03/resources/03g.mp3</file-audio>
		<file-audio id="03h">content/03/resources/03h.mp3</file-audio>
		<file-audio id="03i">content/03/resources/03i.mp3</file-audio> 
		<file-audio id="03j">content/03/resources/03j.mp3</file-audio> 
		<file-audio id="03k">content/03/resources/03k.mp3</file-audio> 

		<file-audio id="04">content/04/resources/04.mp3</file-audio> 
		<file-audio id="04a">content/04/resources/04a.mp3</file-audio>

		<file-audio id="04b">content/04_1/resources/04b.mp3</file-audio>
		<file-audio id="04c">content/04_1/resources/04c.mp3</file-audio>
		<file-audio id="04d">content/04_1/resources/04d.mp3</file-audio>
		<file-audio id="04e">content/04_1/resources/04e.mp3</file-audio>
		<file-audio id="04f">content/04_1/resources/04f.mp3</file-audio>
		<file-audio id="04g">content/04_1/resources/04g.mp3</file-audio>
		<file-audio id="044h">content/04_1/resources/044h.mp3</file-audio>

		<file-audio id="04h">content/04_2/resources/04h.mp3</file-audio>
		<file-audio id="04i">content/04_2/resources/04i.mp3</file-audio> 
		<file-audio id="04j">content/04_2/resources/04j.mp3</file-audio> 
		<file-audio id="04k">content/04_2/resources/04k.mp3</file-audio> 
		<file-audio id="04l">content/04_2/resources/04l.mp3</file-audio> 
		<file-audio id="04mm">content/04_2/resources/04mm.mp3</file-audio> 

		<file-audio id="04m">content/04_3/resources/04m.mp3</file-audio> 
		<file-audio id="04n">content/04_3/resources/04n.mp3</file-audio> 
		<file-audio id="04o">content/04_3/resources/04o.mp3</file-audio> 
		<file-audio id="04p">content/04_3/resources/04p.mp3</file-audio> 


		<file-audio id="05">content/05/resources/05.mp3</file-audio> 
		<file-audio id="05a">content/05/resources/05a.mp3</file-audio>
		<file-audio id="05b">content/05/resources/05b.mp3</file-audio>
		<file-audio id="05c">content/05/resources/05c.mp3</file-audio>
		<file-audio id="05d">content/05/resources/05d.mp3</file-audio>
		<file-audio id="05e">content/05/resources/05e.mp3</file-audio>
		<file-audio id="05f">content/05/resources/05f.mp3</file-audio>
		<file-audio id="05g">content/05/resources/05g.mp3</file-audio>
		<file-audio id="05h">content/05/resources/05h.mp3</file-audio>
		<file-audio id="05i">content/05/resources/05i.mp3</file-audio> 
		<file-audio id="05j">content/05/resources/05j.mp3</file-audio> 
		<file-audio id="05k">content/05/resources/05k.mp3</file-audio> 

		<file-audio id="05_1">content/05_1/resources/05_1.mp3</file-audio>
		<file-audio id="05_1a">content/05_1/resources/05_1a.mp3</file-audio>

		<file-audio id="06">content/06/resources/06.mp3</file-audio>
		<file-audio id="06a">content/06/resources/06a.mp3</file-audio>
		<file-audio id="06b">content/06/resources/06b.mp3</file-audio>
	
		
	</files-audio>
</data>