<?xml version="1.0" standalone="no" ?>
<!-- created with "Manifest Maker for ADL SCORM 1.2 Version 2.0.0" for Dreamweaver,
 on Thu Oct 18 2012 13:54:08 GMT+0700 (SE Asia Standard Time) -->

<manifest identifier="PAMJAYA-SMP01-01-MANIFEST" version="1.0"
  xmlns="http://www.imsproject.org/xsd/imscp_rootv1p1p2"
  xmlns:adlcp="http://www.adlnet.org/xsd/adlcp_rootv1p2"
  xmlns:xsi="http://www.w3.org/2001/XMLSchema-instance"
    xsi:schemaLocation="http://www.imsproject.org/xsd/imscp_rootv1p1p2 imscp_rootv1p1p2.xsd
                        http://www.imsglobal.org/xsd/imsmd_rootv1p2p1 imsmd_rootv1p2p1.xsd
                        http://www.adlnet.org/xsd/adlcp_rootv1p2 adlcp_rootv1p2.xsd" >

	<metadata>
		<schema>ADL SCORM</schema>
		<schemaversion>1.2</schemaversion>
		<adlcp:location>imsmetadata.xml</adlcp:location>
	</metadata>

	<organizations default="PAMJAYA-SMP01-01-MANIFEST">
		<organization identifier="PAMJAYA-SMP01-01-MANIFEST">
			<title>Membangun Pengaruh Sebagai Pemimpin</title >
			<item identifier="I_SCO0" identifierref="SCO0">
				<title>Topik 1: Pengaruh Personal Power dan Position Power</title>
			</item>
		</organization>
	</organizations>

	<resources>
		<resource identifier="SCO0" type="webcontent" adlcp:scormtype="sco" href="course/module.html">
			<file href="course/module.html" />
			<dependency identifierref="ALLRESOURCES" />
		</resource>
	</resources>
</manifest>