<?xml version="1.0" encoding="UTF-8"?>
<data>
	<glossary>
		<task>APU dan PPT</task>
		<description>Anti Pencucian Uang dan Pencegahan Pendanaan Terorisme yang untuk selanjutnya disebut sebagai APU dan PPT adalah : Upaya pencegahan dan pemberantasan tindak pidana pencucian uang dan pendanaan terorisme.</description>
	</glossary>
	<glossary>
		<task>&lt;i&gt;Beneficial Owner&lt;/i&gt;</task>
		<description>Setiap orang yang memiliki dana, yang mengendalikan transaksi nasabah, yang memberikan kuasa atas terjadinya suatu transaksi dan/atau yang melakukan pengendalian melalui badan hukum atau perjanjian.</description>
	</glossary>
	<glossary>
		<task>&lt;i&gt;Customer Due Diligence&lt;/i&gt;</task>
		<description>Yang selanjutnya disebut sebagai CDD adalah : kegiatan berupa identifikasi, verifikasi, dan pemantauan yang dilakukan Bank untuk memastikan bahwa transaksi tersebut sesuai dengan profil Nasabah.</description>
	</glossary>
	<glossary>
		<task>&lt;i&gt;Correspondent Banking&lt;/i&gt;</task>
		<description>Kegiatan suatu Bank (&lt;i&gt;correspondent&lt;/i&gt;) dalam menyediakan layanan jasa bagi Bank lainnya (&lt;i&gt;respondent&lt;/i&gt;) berdasarkan suatu kesepakatan tertulis dalam rangka memberikan jasa pembayaran dan jasa perbankan lainnya.</description>
	</glossary>
	<glossary>
		<task>&lt;i&gt;Cross Border Corespondent Banking&lt;/i&gt;</task>
		<description>&lt;i&gt;Correspondent Banking&lt;i&gt; dimana salah satu kedudukan bank &lt;i&gt;correspondent&lt;/i&gt; atau bank &lt;i&gt;respondent&lt;/i&gt; berada di luar wilayah Negara Republik Indonesia.</description>
	</glossary>
	<glossary>
		<task>&lt;i&gt;Enhanced Due Diligence&lt;/i&gt;</task>
		<description>Yang selanjutnya disebut sebagai EDD adalah : tindakan CDD lebih mendalam yang dilakukan Bank pada saat berhubungan dengan Nasabah yang tergolong berisiko tinggi termasuk &lt;i&gt;Politically Exposed Person&lt;/i&gt; (PEP) terhadap kemungkinan pencucian uang dan pendanaan terorisme.</description>
	</glossary>
	<glossary>
		<task>FATF &lt;i&gt;(Financial Action Task Force on Money Laundering)&lt;/i&gt;</task>
		<description>Organisasi antar pemerintah yang dibentuk tahun 1989 oleh G7 dan bertujuan untuk mengembangkan kebijakan guna memerangi pencucian uang dan pendanaan terorisme.</description>
	</glossary>
	<glossary>
		<task>&lt;i&gt;Internet Banking&lt;/i&gt;</task>
		<description>Melakukan transaksi pembayaran dan transaksi lainnya melalui internet dengan website milik Bank yang dilengkapi sistem keamanan.</description>
	</glossary>
	<glossary>
		<task>Lembaga Pemerintahan</task>
		<description>Lembaga yang memiliki kewenangan di bidang eksekutif, yudikatif, dan legislatif.</description>
	</glossary>
	<glossary>
		<task>&lt;i&gt;Mobile Banking&lt;/i&gt;</task>
		<description>Layanan perbankan yang dapat diakses melalui telepon seluler.</description>
	</glossary>
	<glossary>
		<task>Nasabah</task>
		<description>Pihak yang menggunakan jasa Bank dan memiliki rekening pada Bank tersebut.</description>
	</glossary>
	<glossary>
		<task>Pendanaan Terorisme</task>
		<description>Penggunaan harta kekayaan secara langsung atau tidak langsung untuk kegiatan terorisme sebagaimana dimaksud dalam Undang-Undang tentang Tindak Pidana Pencucian Uang.</description>
	</glossary>
	<glossary>
		<task>PEP</task>
		<description>Orang yang mendapatkan kepercayaan untuk memiliki kewenangan publik diantaranya adalah Penyelenggara Negara sebagaimana dimaksud dalam peraturan perundang-undangan yang mengatur tentang Penyelenggara Negara, dan/atau orang yang tercatat sebagai anggota partai politik yang memiliki pengaruh terhadap kebijakan dan operasional partai politik, baik yang berkewarganegaraan Indonesia maupun yang berkewarganegaraan asing.</description>
	</glossary>
	<glossary>
		<task>Rekomendasi &lt;i&gt;Financial Action Transaction Report&lt;/i&gt;</task>
		<description>Yang selanjutnya disebut sebagai Rekomendasi FATF adalah : standar pencegahan dan pemberantasan pencucian uang dan pendanaan terorisme yang dikeluarkan oleh FATF.</description>
	</glossary>
	<glossary>
		<task>Risiko Operasional</task>
		<description>Risiko akibat ketidakcukupan atau tidak berfungsinya proses internal, kesalahan manusia, kegagalan sistem, atau adanya kejadian eksternal yang mempengaruhi operasional Bank.</description>
	</glossary>
	<glossary>
		<task>Risiko Kepatuhan</task>
		<description>Risiko akibat Bank tidak mematuhi dan/atau tidak melaksanakan peraturan perundang-undangan dan ketentuan yang berlaku.</description>
	</glossary>
	<glossary>
		<task>Risiko Reputasi</task>
		<description>Risiko akibat menurunnya tingkat kepercayaan masyarakat secara umum, yang bersumber dari persepsi negatif terhadap Bank.</description>
	</glossary>
	<glossary>
		<task>Shell Bank</task>
		<description>Bank yang tidak mempunyai kehadiran secara fisik (&lt;i&gt;physical presence&lt;/i&gt;) di wilayah hukum Bank tersebut didirikan dan memperoleh izin, dan tidak berafiliasi dengan kelompok usaha jasa keuangan yang menjadi subyek pengawasan terkonsolidasi yang efektif.</description>
	</glossary>
	<glossary>
		<task>Transaksi Keuangan Mencurigakan</task>
		<description>Transaksi keuangan mencurigakan sebagaimana dimaksud dalam Undang-Undang yang mengatur mengenai Tindak Pidana Pencucian Uang, yaitu : Transaksi keuangan oleh pengguna jasa yang patut diduga dilakukan dengan tujuan untuk menghindari pelaporan transaksi yang bersangkutan yang wajib dilakukan oleh Penyedia Jasa Keuangan sesuai dengan ketentuan Undang-undang, atau Transaksi keuangan yang dilakukan atau batal dilakukan dengan menggunakan harta kekayaan yang diduga berasal dari hasil tindak pidana.</description>
	</glossary>
	<glossary>
		<task>&lt;i&gt;Walk in Customer&lt;/i&gt;</task>
		<description>Yang selanjutnya disebut sebagai WIC adalah : pengguna jasa Bank yang tidak memiliki rekening pada Bank tersebut, tidak termasuk pihak yang mendapatkan perintah atau penugasan dari Nasabah untuk melakukan transaksi atas kepentingan Nasabah tersebut.</description>
	</glossary>
</data>
